[{ "__v" : 0, "_id" : { "$oid" : "57b6d12960a3358034bf80e2" }, "amount" : { "positive" : true, "currency" : "EUR", "format" : { "round" : "1", "full" : "1,00", "nice" : "1,-" }, "cents" : 100 }, "description" : "EJD", "image" : { "profile" : { "$oid" : "57bd96511942eb71155659dc" } }, "name" : "Biertje", "type" : { "id" : "beer" } },
{ "__v" : 0, "_id" : { "$oid" : "57bb04c8971cabe7425bd1b6" }, "amount" : { "positive" : true, "currency" : "EUR", "format" : { "round" : "1", "full" : "1,30", "nice" : "1,30" }, "cents" : 130 }, "description" : "Epstein bar", "name" : "Een munt", "type" : { "id" : "beer" } },
{ "__v" : 0, "_id" : { "$oid" : "57bb04d2971cabe7425bd1bd" }, "amount" : { "positive" : true, "currency" : "EUR", "format" : { "round" : "3", "full" : "2,60", "nice" : "2,60" }, "cents" : 260 }, "description" : "Epstein bar", "name" : "Twee munt", "type" : { "id" : "beer" } },
{ "__v" : 0, "_id" : { "$oid" : "57bb31b0e13a0ac94b6c8fb7" }, "amount" : { "positive" : true, "currency" : "EUR", "format" : { "round" : "2", "full" : "2,00", "nice" : "2,-" }, "cents" : 200 }, "description" : "dHvA", "image" : { "profile" : { "$oid" : "57bb3404e13a0ac94b6c900f" } }, "name" : "bier (vaasje)", "type" : { "id" : "beer" } },
{ "__v" : 0, "_id" : { "$oid" : "57bb31c6e13a0ac94b6c8fbc" }, "amount" : { "positive" : true, "currency" : "EUR", "format" : { "round" : "2", "full" : "2,00", "nice" : "2,-" }, "cents" : 200 }, "description" : "dHvA", "image" : { "profile" : { "$oid" : "57bb3457e13a0ac94b6c9011" } }, "name" : "fluitje", "type" : { "id" : "beer" } },
{ "__v" : 0, "_id" : { "$oid" : "57bb31dce13a0ac94b6c8fc1" }, "amount" : { "positive" : true, "currency" : "EUR", "format" : { "round" : "5", "full" : "5,00", "nice" : "5,-" }, "cents" : 500 }, "description" : "dHvA", "image" : { "profile" : { "$oid" : "57bb348be13a0ac94b6c9015" } }, "name" : "Brand Weizen", "type" : { "id" : "beer" } },
{ "__v" : 0, "_id" : { "$oid" : "57bb31f2e13a0ac94b6c8fc6" }, "amount" : { "positive" : true, "currency" : "EUR", "format" : { "round" : "5", "full" : "5,00", "nice" : "5,-" }, "cents" : 500 }, "description" : "dHvA", "image" : { "profile" : { "$oid" : "57bb34b6e13a0ac94b6c901a" } }, "name" : "Affligem Blond", "type" : { "id" : "beer" } },
{ "__v" : 0, "_id" : { "$oid" : "57bb3209e13a0ac94b6c8fcb" }, "amount" : { "positive" : true, "currency" : "EUR", "format" : { "round" : "4", "full" : "4,00", "nice" : "4,-" }, "cents" : 400 }, "description" : "dHvA", "image" : { "profile" : { "$oid" : "57bb34dee13a0ac94b6c901e" } }, "name" : "Jenever / PSV", "type" : { "id" : "beer" } },
{ "__v" : 0, "_id" : { "$oid" : "57bb321ee13a0ac94b6c8fd2" }, "amount" : { "positive" : true, "currency" : "EUR", "format" : { "round" : "5", "full" : "5,00", "nice" : "5,-" }, "cents" : 500 }, "description" : "dHvA", "image" : { "profile" : { "$oid" : "57bb3505e13a0ac94b6c9022" } }, "name" : "Sterk / Likeuren", "type" : { "id" : "beer" } },
{ "__v" : 0, "_id" : { "$oid" : "57bb322fe13a0ac94b6c8fd7" }, "amount" : { "positive" : true, "currency" : "EUR", "format" : { "round" : "2", "full" : "2,00", "nice" : "2,-" }, "cents" : 200 }, "description" : "dHvA", "image" : { "profile" : { "$oid" : "57bb353fa3fa91be4f29a561" } }, "name" : "Shot 2,-", "type" : { "id" : "beer" } },
{ "__v" : 0, "_id" : { "$oid" : "57bb3240e13a0ac94b6c8fdc" }, "amount" : { "positive" : true, "currency" : "EUR", "format" : { "round" : "3", "full" : "2,50", "nice" : "2,50" }, "cents" : 250 }, "description" : "dHvA", "image" : { "profile" : { "$oid" : "57bb35c2e62917935064bd08" } }, "name" : "Shot 2,50", "type" : { "id" : "beer" } },
{ "__v" : 0, "_id" : { "$oid" : "57bb3256e13a0ac94b6c8fe1" }, "amount" : { "positive" : true, "currency" : "EUR", "format" : { "round" : "5", "full" : "5,00", "nice" : "5,-" }, "cents" : 500 }, "description" : "dHvA", "image" : { "profile" : { "$oid" : "57bb37601fdd3d28524797f2" } }, "name" : "Flesbier 5,-", "type" : { "id" : "beer" } },
{ "__v" : 0, "_id" : { "$oid" : "57bb326ce13a0ac94b6c8fe6" }, "amount" : { "positive" : true, "currency" : "EUR", "format" : { "round" : "5", "full" : "4,50", "nice" : "4,50" }, "cents" : 450 }, "description" : "dHvA", "image" : { "profile" : { "$oid" : "57bb37641fdd3d28524797f4" } }, "name" : "Flesbier 4,50", "type" : { "id" : "beer" } },
{ "__v" : 0, "_id" : { "$oid" : "57bb32a5e13a0ac94b6c8ffa" }, "amount" : { "positive" : true, "currency" : "EUR", "format" : { "round" : "4", "full" : "4,00", "nice" : "4,-" }, "cents" : 400 }, "description" : "dHvA", "image" : { "profile" : { "$oid" : "57bb37671fdd3d28524797f6" } }, "name" : "Flesbier 4,-", "type" : { "id" : "beer" } },
{ "__v" : 0, "_id" : { "$oid" : "57bb32c7e13a0ac94b6c8fff" }, "amount" : { "positive" : true, "currency" : "EUR", "format" : { "round" : "2", "full" : "2,00", "nice" : "2,-" }, "cents" : 200 }, "description" : "dHvA", "image" : { "profile" : { "$oid" : "57bb3621e62917935064bd0e" } }, "name" : "Fris", "type" : { "id" : "beer" } },
{ "__v" : 0, "_id" : { "$oid" : "57bb32d8e13a0ac94b6c9004" }, "amount" : { "positive" : true, "currency" : "EUR", "format" : { "round" : "4", "full" : "4,00", "nice" : "4,-" }, "cents" : 400 }, "description" : "dHvA", "image" : { "profile" : { "$oid" : "57bb35e5e62917935064bd0a" } }, "name" : "Redbull", "type" : { "id" : "beer" } },
{ "__v" : 0, "_id" : { "$oid" : "57bb32e4e13a0ac94b6c9009" }, "amount" : { "positive" : true, "currency" : "EUR", "format" : { "round" : "3", "full" : "3,00", "nice" : "3,-" }, "cents" : 300 }, "description" : "dHvA", "image" : { "profile" : { "$oid" : "57bb376d1fdd3d28524797f8" } }, "name" : "Wijn", "type" : { "id" : "beer" } },
{ "__v" : 0, "_id" : { "$oid" : "57bcab5f321f4c666c74bcf7" }, "amount" : { "positive" : true, "currency" : "EUR", "format" : { "round" : "3", "full" : "3,00", "nice" : "3,-" }, "cents" : 300 }, "description" : "", "image" : { "profile" : { "$oid" : "57bcab7c321f4c666c74bd39" } }, "name" : "Vaasje (Nyx)", "type" : { "id" : "beer" } },
{ "__v" : 0, "_id" : { "$oid" : "57bcab71321f4c666c74bd19" }, "amount" : { "positive" : true, "currency" : "EUR", "format" : { "round" : "6", "full" : "5,50", "nice" : "5,50" }, "cents" : 550 }, "description" : "", "image" : { "profile" : { "$oid" : "57bcaf44bce5ed531416f516" } }, "name" : "1/2 Liter (Nyx)", "type" : { "id" : "beer" } },
{ "__v" : 0, "_id" : { "$oid" : "57bcabb9321f4c666c74bd3d" }, "amount" : { "positive" : true, "currency" : "EUR", "format" : { "round" : "3", "full" : "2,90", "nice" : "2,90" }, "cents" : 290 }, "description" : "", "image" : { "profile" : { "$oid" : "57bcaf64bce5ed531416f519" } }, "name" : "Sourcy Blauw (Nyx)", "type" : { "id" : "beer" } },
{ "__v" : 0, "_id" : { "$oid" : "57bcabc5321f4c666c74bd61" }, "amount" : { "positive" : true, "currency" : "EUR", "format" : { "round" : "3", "full" : "2,90", "nice" : "2,90" }, "cents" : 290 }, "description" : "", "image" : { "profile" : { "$oid" : "57bcaf7dbce5ed531416f51b" } }, "name" : "Sourcy Rood (Nyx)", "type" : { "id" : "beer" } },
{ "__v" : 0, "_id" : { "$oid" : "57bcabe3321f4c666c74bd87" }, "amount" : { "positive" : true, "currency" : "EUR", "format" : { "round" : "4", "full" : "3,70", "nice" : "3,70" }, "cents" : 370 }, "description" : "", "image" : { "profile" : { "$oid" : "57bcaf9ebce5ed531416f51f" } }, "name" : "Glas Droge Witte Wijn", "type" : { "id" : "wine" } },
{ "__v" : 0, "_id" : { "$oid" : "57bcac48321f4c666c74beb1" }, "amount" : { "positive" : true, "currency" : "EUR", "format" : { "round" : "4", "full" : "3,70", "nice" : "3,70" }, "cents" : 370 }, "description" : "", "image" : { "profile" : { "$oid" : "57bcaf9abce5ed531416f51d" } }, "name" : "Glas Zoete Witte Wijn", "type" : { "id" : "wine" } },
{ "__v" : 0, "_id" : { "$oid" : "57bcac6e321f4c666c74bef7" }, "amount" : { "positive" : true, "currency" : "EUR", "format" : { "round" : "4", "full" : "3,70", "nice" : "3,70" }, "cents" : 370 }, "description" : "", "image" : { "profile" : { "$oid" : "57bcafb4bce5ed531416f521" } }, "name" : "Glas Rode Wijn", "type" : { "id" : "wine" } },
{ "__v" : 0, "_id" : { "$oid" : "57bcac81321f4c666c74bf1b" }, "amount" : { "positive" : true, "currency" : "EUR", "format" : { "round" : "4", "full" : "3,70", "nice" : "3,70" }, "cents" : 370 }, "description" : "", "image" : { "profile" : { "$oid" : "57bcafcabce5ed531416f523" } }, "name" : "Glas Rose Wijn", "type" : { "id" : "wine" } },
{ "__v" : 0, "_id" : { "$oid" : "57bcacab321f4c666c74bf3f" }, "amount" : { "positive" : true, "currency" : "EUR", "format" : { "round" : "3", "full" : "2,90", "nice" : "2,90" }, "cents" : 290 }, "description" : "", "image" : { "profile" : { "$oid" : "57bcb043bce5ed531416f57c" } }, "name" : "Pepsi (Nyx)", "type" : { "id" : "beer" } },
{ "__v" : 0, "_id" : { "$oid" : "57bcacba321f4c666c74bf63" }, "amount" : { "positive" : true, "currency" : "EUR", "format" : { "round" : "3", "full" : "2,90", "nice" : "2,90" }, "cents" : 290 }, "description" : "", "image" : { "profile" : { "$oid" : "57bcb01dbce5ed531416f55a" } }, "name" : "Pepsi Light (Nyx)", "type" : { "id" : "beer" } },
{ "__v" : 0, "_id" : { "$oid" : "57bcaccf321f4c666c74bf87" }, "amount" : { "positive" : true, "currency" : "EUR", "format" : { "round" : "3", "full" : "2,90", "nice" : "2,90" }, "cents" : 290 }, "description" : "", "image" : { "profile" : { "$oid" : "57bcb037bce5ed531416f55e" } }, "name" : "7 Up (Nyx)", "type" : { "id" : "beer" } },
{ "__v" : 0, "_id" : { "$oid" : "57bcacec321f4c666c74bfcd" }, "amount" : { "positive" : true, "currency" : "EUR", "format" : { "round" : "3", "full" : "2,90", "nice" : "2,90" }, "cents" : 290 }, "description" : "", "image" : { "profile" : { "$oid" : "57bcb05fbce5ed531416f596" } }, "name" : "Bitter Lemon (Nyx)", "type" : { "id" : "beer" } },
{ "__v" : 0, "_id" : { "$oid" : "57bcacfd321f4c666c74bff1" }, "amount" : { "positive" : true, "currency" : "EUR", "format" : { "round" : "3", "full" : "2,90", "nice" : "2,90" }, "cents" : 290 }, "description" : "", "image" : { "profile" : { "$oid" : "57bcb084bce5ed531416f5c5" } }, "name" : "Cassis (Nyx)", "type" : { "id" : "beer" } },
{ "__v" : 0, "_id" : { "$oid" : "57bcad11321f4c666c74c015" }, "amount" : { "positive" : true, "currency" : "EUR", "format" : { "round" : "3", "full" : "2,90", "nice" : "2,90" }, "cents" : 290 }, "description" : "", "image" : { "profile" : { "$oid" : "57bcb0cdbce5ed531416f763" } }, "name" : "Ginger Ale (Nyx)", "type" : { "id" : "beer" } },
{ "__v" : 0, "_id" : { "$oid" : "57bcad4b321f4c666c74c039" }, "amount" : { "positive" : true, "currency" : "EUR", "format" : { "round" : "3", "full" : "2,90", "nice" : "2,90" }, "cents" : 290 }, "description" : "", "image" : { "profile" : { "$oid" : "57bcb0e8bce5ed531416f765" } }, "name" : "Nestea (Nyx)", "type" : { "id" : "beer" } },
{ "__v" : 0, "_id" : { "$oid" : "57bcad58321f4c666c74c05d" }, "amount" : { "positive" : true, "currency" : "EUR", "format" : { "round" : "3", "full" : "2,90", "nice" : "2,90" }, "cents" : 290 }, "description" : "", "image" : { "profile" : { "$oid" : "57bcb100bce5ed531416f767" } }, "name" : "Sisi (Nyx)", "type" : { "id" : "beer" } },
{ "__v" : 0, "_id" : { "$oid" : "57bcad66321f4c666c74c081" }, "amount" : { "positive" : true, "currency" : "EUR", "format" : { "round" : "3", "full" : "2,90", "nice" : "2,90" }, "cents" : 290 }, "description" : "", "image" : { "profile" : { "$oid" : "57bcb12fbce5ed531416f7da" } }, "name" : "Tonic (Nyx)", "type" : { "id" : "beer" } },
{ "__v" : 0, "_id" : { "$oid" : "57bcad74321f4c666c74c0a5" }, "amount" : { "positive" : true, "currency" : "EUR", "format" : { "round" : "4", "full" : "4,00", "nice" : "4,-" }, "cents" : 400 }, "description" : "", "image" : { "profile" : { "$oid" : "57bcb137bce5ed531416f7dc" } }, "name" : "Red Bull (Nyx)", "type" : { "id" : "beer" } },
{ "__v" : 0, "_id" : { "$oid" : "57bcad99321f4c666c74c0c9" }, "amount" : { "positive" : true, "currency" : "EUR", "format" : { "round" : "3", "full" : "2,90", "nice" : "2,90" }, "cents" : 290 }, "description" : "", "image" : { "profile" : { "$oid" : "57bcb16ebce5ed531416f7f5" } }, "name" : "Appelsap (Nyx)", "type" : { "id" : "beer" } },
{ "__v" : 0, "_id" : { "$oid" : "57bcada9321f4c666c74c0ed" }, "amount" : { "positive" : true, "currency" : "EUR", "format" : { "round" : "3", "full" : "2,90", "nice" : "2,90" }, "cents" : 290 }, "description" : "", "image" : { "profile" : { "$oid" : "57bcb18fbce5ed531416f7f7" } }, "name" : "Cranberry Juice (Nyx)", "type" : { "id" : "beer" } },
{ "__v" : 0, "_id" : { "$oid" : "57bcadb5321f4c666c74c111" }, "amount" : { "positive" : true, "currency" : "EUR", "format" : { "round" : "3", "full" : "2,90", "nice" : "2,90" }, "cents" : 290 }, "description" : "", "image" : { "profile" : { "$oid" : "57bcb1f4bce5ed531416f995" } }, "name" : "Jus (Nyx)", "type" : { "id" : "beer" } },
{ "__v" : 0, "_id" : { "$oid" : "57bcadc2321f4c666c74c135" }, "amount" : { "positive" : true, "currency" : "EUR", "format" : { "round" : "3", "full" : "2,90", "nice" : "2,90" }, "cents" : 290 }, "description" : "", "image" : { "profile" : { "$oid" : "57bcb227bce5ed531416fa28" } }, "name" : "Tomaten sap (Nyx)", "type" : { "id" : "beer" } },
{ "__v" : 0, "_id" : { "$oid" : "57bcade3321f4c666c74c159" }, "amount" : { "positive" : true, "currency" : "EUR", "format" : { "round" : "5", "full" : "4,70", "nice" : "4,70" }, "cents" : 470 }, "description" : "", "image" : { "profile" : { "$oid" : "57bcb24dbce5ed531416fa2a" } }, "name" : "Absolut Vodka (Nyx)", "type" : { "id" : "other" } },
{ "__v" : 0, "_id" : { "$oid" : "57bcadf5321f4c666c74c17d" }, "amount" : { "positive" : true, "currency" : "EUR", "format" : { "round" : "5", "full" : "4,70", "nice" : "4,70" }, "cents" : 470 }, "description" : "", "image" : { "profile" : { "$oid" : "57bcb267bce5ed531416fa2c" } }, "name" : "Havana 3yo (Nyx)", "type" : { "id" : "other" } },
{ "__v" : 0, "_id" : { "$oid" : "57bcae08321f4c666c74c1a1" }, "amount" : { "positive" : true, "currency" : "EUR", "format" : { "round" : "5", "full" : "4,70", "nice" : "4,70" }, "cents" : 470 }, "description" : "", "image" : { "profile" : { "$oid" : "57bcb289bce5ed531416fa2e" } }, "name" : "Bacardi Razz (Nyx)", "type" : { "id" : "other" } },
{ "__v" : 0, "_id" : { "$oid" : "57bcae16321f4c666c74c1c5" }, "amount" : { "positive" : true, "currency" : "EUR", "format" : { "round" : "5", "full" : "4,70", "nice" : "4,70" }, "cents" : 470 }, "description" : "", "image" : { "profile" : { "$oid" : "57bcb2a5bce5ed531416fa30" } }, "name" : "Olmeca Blanco (Nyx)", "type" : { "id" : "other" } },
{ "__v" : 0, "_id" : { "$oid" : "57bcae26321f4c666c74c1e9" }, "amount" : { "positive" : true, "currency" : "EUR", "format" : { "round" : "5", "full" : "4,70", "nice" : "4,70" }, "cents" : 470 }, "description" : "", "image" : { "profile" : { "$oid" : "57bcb2bcbce5ed531416fa32" } }, "name" : "Beefeater Gin (Nyx)", "type" : { "id" : "other" } },
{ "__v" : 0, "_id" : { "$oid" : "57bcae30321f4c666c74c20d" }, "amount" : { "positive" : true, "currency" : "EUR", "format" : { "round" : "5", "full" : "5,00", "nice" : "5,-" }, "cents" : 500 }, "description" : "", "image" : { "profile" : { "$oid" : "57bcb2dfbce5ed531416fa64" } }, "name" : "Bombay Sapphire (Nyx)", "type" : { "id" : "other" } },
{ "__v" : 0, "_id" : { "$oid" : "57bcae42321f4c666c74c231" }, "amount" : { "positive" : true, "currency" : "EUR", "format" : { "round" : "5", "full" : "4,70", "nice" : "4,70" }, "cents" : 470 }, "description" : "", "image" : { "profile" : { "$oid" : "57bcb2f7bce5ed531416fa66" } }, "name" : "Licor 43 (Nyx)", "type" : { "id" : "other" } },
{ "__v" : 0, "_id" : { "$oid" : "57bcae4c321f4c666c74c255" }, "amount" : { "positive" : true, "currency" : "EUR", "format" : { "round" : "5", "full" : "4,70", "nice" : "4,70" }, "cents" : 470 }, "description" : "", "image" : { "profile" : { "$oid" : "57bcb30bbce5ed531416fa68" } }, "name" : "Malibu (Nyx)", "type" : { "id" : "other" } },
{ "__v" : 0, "_id" : { "$oid" : "57bcae55321f4c666c74c279" }, "amount" : { "positive" : true, "currency" : "EUR", "format" : { "round" : "5", "full" : "4,70", "nice" : "4,70" }, "cents" : 470 }, "description" : "", "image" : { "profile" : { "$oid" : "57bcb325bce5ed531416fa6a" } }, "name" : "Amaretto (Nyx)", "type" : { "id" : "other" } },
{ "__v" : 0, "_id" : { "$oid" : "57bcae60321f4c666c74c29d" }, "amount" : { "positive" : true, "currency" : "EUR", "format" : { "round" : "5", "full" : "4,70", "nice" : "4,70" }, "cents" : 470 }, "description" : "", "image" : { "profile" : { "$oid" : "57bcb342bce5ed531416fa8f" } }, "name" : "Sambuca (Nyx)", "type" : { "id" : "other" } },
{ "__v" : 0, "_id" : { "$oid" : "57bcae6d321f4c666c74c2c1" }, "amount" : { "positive" : true, "currency" : "EUR", "format" : { "round" : "4", "full" : "3,50", "nice" : "3,50" }, "cents" : 350 }, "description" : "", "image" : { "profile" : { "$oid" : "57bcb361bce5ed531416fa93" } }, "name" : "Jonge Jenever (Nyx)", "type" : { "id" : "other" } },
{ "__v" : 0, "_id" : { "$oid" : "57bcae78321f4c666c74c2e5" }, "amount" : { "positive" : true, "currency" : "EUR", "format" : { "round" : "4", "full" : "3,50", "nice" : "3,50" }, "cents" : 350 }, "description" : "", "image" : { "profile" : { "$oid" : "57bcb375bce5ed531416fa95" } }, "name" : "Jagermeister (Nyx)", "type" : { "id" : "other" } },
{ "__v" : 0, "_id" : { "$oid" : "57bcae84321f4c666c74c309" }, "amount" : { "positive" : true, "currency" : "EUR", "format" : { "round" : "4", "full" : "3,50", "nice" : "3,50" }, "cents" : 350 }, "description" : "", "image" : { "profile" : { "$oid" : "57bcb38cbce5ed531416fa97" } }, "name" : "Apfelkorn (Nyx)", "type" : { "id" : "other" } },
{ "__v" : 0, "_id" : { "$oid" : "57bcae8c321f4c666c74c32d" }, "amount" : { "positive" : true, "currency" : "EUR", "format" : { "round" : "4", "full" : "3,50", "nice" : "3,50" }, "cents" : 350 }, "description" : "", "image" : { "profile" : { "$oid" : "57bcb3a5bce5ed531416fa9a" } }, "name" : "Dropshot (Nyx)", "type" : { "id" : "other" } },
{ "__v" : 0, "_id" : { "$oid" : "57bcae97321f4c666c74c351" }, "amount" : { "positive" : true, "currency" : "EUR", "format" : { "round" : "5", "full" : "4,70", "nice" : "4,70" }, "cents" : 470 }, "description" : "", "image" : { "profile" : { "$oid" : "57bcb3bdbce5ed531416fac2" } }, "name" : "Jameson (Nyx)", "type" : { "id" : "other" } },
{ "__v" : 0, "_id" : { "$oid" : "57bcaea3321f4c666c74c375" }, "amount" : { "positive" : true, "currency" : "EUR", "format" : { "round" : "6", "full" : "6,00", "nice" : "6,-" }, "cents" : 600 }, "description" : "", "image" : { "profile" : { "$oid" : "57bcb3d8bce5ed531416fac4" } }, "name" : "Jack Daniels (Nyx)", "type" : { "id" : "other" } },
{ "__v" : 0, "_id" : { "$oid" : "57bcaed5321f4c666c74c3db" }, "amount" : { "positive" : true, "currency" : "EUR", "format" : { "round" : "5", "full" : "5,00", "nice" : "5,-" }, "cents" : 500 }, "description" : "", "image" : { "profile" : { "$oid" : "57bcb3ecbce5ed531416fac8" } }, "name" : "Jack Honey (Nyx)", "type" : { "id" : "other" } },
{ "__v" : 0, "_id" : { "$oid" : "57bcafdcbce5ed531416f528" }, "amount" : { "positive" : true, "currency" : "EUR", "format" : { "round" : "1", "full" : "0,50", "nice" : "0,50" }, "cents" : 50 }, "description" : "", "image" : { "profile" : { "$oid" : "57bcb407bce5ed531416faca" } }, "name" : "Lime (Nyx)", "type" : { "id" : "other" } },
{ "__v" : 0, "_id" : { "$oid" : "57bd649b78a3e64934d35d45" }, "amount" : { "positive" : true, "currency" : "EUR", "format" : { "round" : "1", "full" : "1,00", "nice" : "1,-" }, "cents" : 100 }, "description" : "", "image" : { "profile" : { "$oid" : "57bd65ae78a3e64934d36428" } }, "name" : "Test", "type" : { "id" : "other" } },
{ "__v" : 0, "_id" : { "$oid" : "57bd65e678a3e64934d36444" }, "amount" : { "positive" : true, "currency" : "EUR", "format" : { "round" : "8", "full" : "8,00", "nice" : "8,-" }, "cents" : 800 }, "description" : "", "name" : "Spectrum T-Shirt", "type" : { "id" : "merch" } },
{ "__v" : 0, "_id" : { "$oid" : "57bd665478a3e64934d36477" }, "amount" : { "positive" : true, "currency" : "EUR", "format" : { "round" : "1", "full" : "1,00", "nice" : "1,-" }, "cents" : 100 }, "description" : "", "name" : "Spectrum Zonnebril", "type" : { "id" : "merch" } },
{ "__v" : 0, "_id" : { "$oid" : "57bd8aee1942eb7115565639" }, "amount" : { "positive" : true, "currency" : "EUR", "format" : { "round" : "1", "full" : "1,30", "nice" : "1,30" }, "cents" : 130 }, "description" : "", "name" : "Bier (epst)", "type" : { "id" : "beer" } },
{ "__v" : 0, "_id" : { "$oid" : "57bd8b041942eb7115565674" }, "amount" : { "positive" : true, "currency" : "EUR", "format" : { "round" : "1", "full" : "1,30", "nice" : "1,30" }, "cents" : 130 }, "description" : "", "name" : "Jillz (epst)", "type" : { "id" : "beer" } },
{ "__v" : 0, "_id" : { "$oid" : "57bd8b261942eb71155656af" }, "amount" : { "positive" : true, "currency" : "EUR", "format" : { "round" : "1", "full" : "0,80", "nice" : "0,80" }, "cents" : 80 }, "description" : "", "name" : "Fris (epst)", "type" : { "id" : "beer" } },
{ "__v" : 0, "_id" : { "$oid" : "57bd8b331942eb71155656ea" }, "amount" : { "positive" : true, "currency" : "EUR", "format" : { "round" : "2", "full" : "2,00", "nice" : "2,-" }, "cents" : 200 }, "description" : "", "name" : "Speciaal bier (epst)", "type" : { "id" : "beer" } },
{ "__v" : 0, "_id" : { "$oid" : "57bd8b411942eb7115565725" }, "amount" : { "positive" : true, "currency" : "EUR", "format" : { "round" : "1", "full" : "1,10", "nice" : "1,10" }, "cents" : 110 }, "description" : "", "name" : "Palm (epst)", "type" : { "id" : "beer" } },
{ "__v" : 0, "_id" : { "$oid" : "57bd8b501942eb7115565760" }, "amount" : { "positive" : true, "currency" : "EUR", "format" : { "round" : "2", "full" : "1,50", "nice" : "1,50" }, "cents" : 150 }, "description" : "", "name" : "Duvel (epst)", "type" : { "id" : "beer" } },
{ "__v" : 0, "_id" : { "$oid" : "57bd8b741942eb711556579b" }, "amount" : { "positive" : true, "currency" : "EUR", "format" : { "round" : "2", "full" : "2,00", "nice" : "2,-" }, "cents" : 200 }, "description" : "", "name" : "Desperados (epst)", "type" : { "id" : "beer" } },
{ "__v" : 0, "_id" : { "$oid" : "57bd8b811942eb71155657d6" }, "amount" : { "positive" : true, "currency" : "EUR", "format" : { "round" : "1", "full" : "1,00", "nice" : "1,-" }, "cents" : 100 }, "description" : "", "name" : "Wijn (epst)", "type" : { "id" : "beer" } },
{ "__v" : 0, "_id" : { "$oid" : "57bd8b9d1942eb7115565811" }, "amount" : { "positive" : true, "currency" : "EUR", "format" : { "round" : "7", "full" : "6,50", "nice" : "6,50" }, "cents" : 650 }, "description" : "", "name" : "Pitcher bier (epst)", "type" : { "id" : "beer" } },
{ "__v" : 0, "_id" : { "$oid" : "57bd8bb71942eb711556584c" }, "amount" : { "positive" : true, "currency" : "EUR", "format" : { "round" : "3", "full" : "2,50", "nice" : "2,50" }, "cents" : 250 }, "description" : "", "name" : "Vjeze Fur (epst)", "type" : { "id" : "beer" } },
{ "__v" : 0, "_id" : { "$oid" : "57bd8bea1942eb7115565887" }, "amount" : { "positive" : true, "currency" : "EUR", "format" : { "round" : "2", "full" : "2,00", "nice" : "2,-" }, "cents" : 200 }, "description" : "", "name" : "Radadtadt (epst)", "type" : { "id" : "beer" } },
{ "__v" : 0, "_id" : { "$oid" : "57bd8c0a1942eb71155658c2" }, "amount" : { "positive" : true, "currency" : "EUR", "format" : { "round" : "1", "full" : "1,00", "nice" : "1,-" }, "cents" : 100 }, "description" : "", "name" : "Radler (epst)", "type" : { "id" : "beer" } },
{ "__v" : 0, "_id" : { "$oid" : "57bd8caf1942eb71155658ff" }, "amount" : { "positive" : true, "currency" : "EUR", "format" : { "round" : "2", "full" : "1,50", "nice" : "1,50" }, "cents" : 150 }, "description" : "", "name" : "Strongbow (epst)", "type" : { "id" : "beer" } },
{ "__v" : 0, "_id" : { "$oid" : "57bd967de1d586ee3844fdc1" }, "amount" : { "positive" : true, "currency" : "EUR", "format" : { "round" : "1", "full" : "1,00", "nice" : "1,-" }, "cents" : 100 }, "description" : "EJD", "image" : { "profile" : { "$oid" : "57bd9690e1d586ee3844fe48" } }, "name" : "Rode Wijn", "type" : { "id" : "beer" } },
{ "__v" : 0, "_id" : { "$oid" : "57bd96bee1d586ee3844fe74" }, "amount" : { "positive" : true, "currency" : "EUR", "format" : { "round" : "1", "full" : "1,00", "nice" : "1,-" }, "cents" : 100 }, "description" : "EJD", "image" : { "profile" : { "$oid" : "57bd972ee1d586ee38450304" } }, "name" : "Witte Wijn", "type" : { "id" : "beer" } },
{ "__v" : 0, "_id" : { "$oid" : "57bd96cce1d586ee3844fe7f" }, "amount" : { "positive" : true, "currency" : "EUR", "format" : { "round" : "1", "full" : "0,50", "nice" : "0,50" }, "cents" : 50 }, "description" : "EJD", "image" : { "profile" : { "$oid" : "57bd9737e1d586ee38450306" } }, "name" : "Fris", "type" : { "id" : "beer" } },
{ "__v" : 0, "_id" : { "$oid" : "57cd872a3068d0401719d1a3" }, "amount" : { "positive" : true, "currency" : "EUR", "format" : { "round" : "1", "full" : "0,50", "nice" : "0,50" }, "cents" : 50 }, "description" : "", "name" : "HOK - Bier", "type" : { "id" : "other" } },
{ "__v" : 0, "_id" : { "$oid" : "57c2b4cb7672fa9201fa0aa9" }, "amount" : { "positive" : true, "currency" : "EUR", "format" : { "round" : "1", "full" : "0,50", "nice" : "0,50" }, "cents" : 50 }, "description" : "", "image" : { "profile" : { "$oid" : "57c2b4ee7672fa9201fa0ab1" } }, "name" : "CK - Bier", "type" : { "id" : "beer" } },
{ "__v" : 0, "_id" : { "$oid" : "57c2b4f67672fa9201fa0ab6" }, "amount" : { "positive" : true, "currency" : "EUR", "format" : { "round" : "1", "full" : "1,00", "nice" : "1,-" }, "cents" : 100 }, "description" : "", "image" : { "profile" : { "$oid" : "57c2c8899bbbd25d75c1208e" } }, "name" : "CK - Speciaal bier", "type" : { "id" : "beer" } },
{ "__v" : 0, "_id" : { "$oid" : "57c2b5197672fa9201fa0ace" }, "amount" : { "positive" : true, "currency" : "EUR", "format" : { "round" : "1", "full" : "0,50", "nice" : "0,50" }, "cents" : 50 }, "description" : "", "image" : { "profile" : { "$oid" : "57c2c8c09bbbd25d75c124db" } }, "name" : "CK - Ijs", "type" : { "id" : "other" } },
{ "__v" : 0, "_id" : { "$oid" : "57c2c8dc9bbbd25d75c124df" }, "amount" : { "positive" : true, "currency" : "EUR", "format" : { "round" : "1", "full" : "0,50", "nice" : "0,50" }, "cents" : 50 }, "description" : "", "image" : { "profile" : { "$oid" : "57c2c9339bbbd25d75c124f1" } }, "name" : "CK - Fris", "type" : { "id" : "soda" } },
{ "__v" : 0, "_id" : { "$oid" : "57cd87343068d0401719d1b3" }, "amount" : { "positive" : true, "currency" : "EUR", "format" : { "round" : "1", "full" : "0,50", "nice" : "0,50" }, "cents" : 50 }, "description" : "", "name" : "HOK - Fris", "type" : { "id" : "soda" } },
{ "__v" : 0, "_id" : { "$oid" : "57cd874c3068d0401719d1c3" }, "amount" : { "positive" : true, "currency" : "EUR", "format" : { "round" : "8", "full" : "8,00", "nice" : "8,-" }, "cents" : 800 }, "description" : "", "name" : "HOK - T-shirt", "type" : { "id" : "other" } },
{ "__v" : 0, "_id" : { "$oid" : "57cd8db13068d0401719df2f" }, "amount" : { "positive" : true, "currency" : "EUR", "format" : { "round" : "2", "full" : "1,50", "nice" : "1,50" }, "cents" : 150 }, "description" : "", "name" : "HOK - Het brakke uiltje", "type" : { "id" : "beer" } },
{ "__v" : 0, "_id" : { "$oid" : "57ed163cc17083e90b377702" }, "amount" : { "positive" : true, "currency" : "EUR", "format" : { "round" : "1", "full" : "0,70", "nice" : "0,70" }, "cents" : 70 }, "description" : "", "name" : "HOK - Mexicaans biertje", "type" : { "id" : "beer" } },
{ "__v" : 0, "_id" : { "$oid" : "57ed1907c17083e90b377f2f" }, "amount" : { "positive" : true, "currency" : "EUR", "format" : { "round" : "1", "full" : "0,70", "nice" : "0,70" }, "cents" : 70 }, "description" : "", "name" : "El Tequito", "type" : { "id" : "beer" } },
{ "__v" : 0, "_id" : { "$oid" : "57ee653a20546d62132ed528" }, "amount" : { "positive" : true, "currency" : "EUR", "format" : { "round" : "1", "full" : "1,00", "nice" : "1,-" }, "cents" : 100 }, "description" : "", "image" : { "profile" : { "$oid" : "57ee654520546d62132ed534" } }, "name" : "EJW - Bier", "type" : { "id" : "beer" } },
{ "__v" : 0, "_id" : { "$oid" : "57ee6e2020546d62132ee10c" }, "amount" : { "positive" : true, "currency" : "EUR", "format" : { "round" : "1", "full" : "1,00", "nice" : "1,-" }, "cents" : 100 }, "description" : "", "image" : { "profile" : { "$oid" : "57ee6e4720546d62132ee12e" } }, "name" : "EJW - Wijn", "type" : { "id" : "beer" } },
{ "__v" : 0, "_id" : { "$oid" : "57ee6e3220546d62132ee11c" }, "amount" : { "positive" : true, "currency" : "EUR", "format" : { "round" : "1", "full" : "0,50", "nice" : "0,50" }, "cents" : 50 }, "description" : "", "image" : { "profile" : { "$oid" : "57ee6e4020546d62132ee12a" } }, "name" : "EJW - Fris", "type" : { "id" : "beer" } },
{ "__v" : 0, "_id" : { "$oid" : "57fd049b72776cf1033b3578" }, "amount" : { "positive" : true, "currency" : "EUR", "format" : { "round" : "2", "full" : "1,80", "nice" : "1,80" }, "cents" : 180 }, "description" : "", "name" : "HOK - Flesje wijn (0,25 l)", "type" : { "id" : "wine" } },
{ "__v" : 0, "_id" : { "$oid" : "5800c26f4af6b37e35c30261" }, "amount" : { "positive" : true, "currency" : "EUR", "format" : { "round" : "1", "full" : "0,50", "nice" : "0,50" }, "cents" : 50 }, "description" : "", "image" : { "profile" : { "$oid" : "5800c2aa4af6b37e35c30273" } }, "name" : "BioloCo - Bokbier", "type" : { "id" : "beer" } },
{ "__v" : 0, "_id" : { "$oid" : "5819da0f1eae6b5d21191a90" }, "amount" : { "positive" : true, "currency" : "EUR", "format" : { "round" : "1", "full" : "1,00", "nice" : "1,-" }, "cents" : 100 }, "description" : "", "name" : "Congres - Bier", "type" : { "id" : "beer" } },
{ "__v" : 0, "_id" : { "$oid" : "5819da251eae6b5d21191aa7" }, "amount" : { "positive" : true, "currency" : "EUR", "format" : { "round" : "1", "full" : "1,00", "nice" : "1,-" }, "cents" : 100 }, "description" : "", "name" : "Congres - Wijn", "type" : { "id" : "wine" } },
{ "__v" : 0, "_id" : { "$oid" : "5819da411eae6b5d21191ad3" }, "amount" : { "positive" : true, "currency" : "EUR", "format" : { "round" : "1", "full" : "0,50", "nice" : "0,50" }, "cents" : 50 }, "description" : "", "name" : "Congres - Fris", "type" : { "id" : "soda" } },
{ "__v" : 0, "_id" : { "$oid" : "581cbeb71eae6b5d21191ff1" }, "amount" : { "positive" : true, "currency" : "EUR", "format" : { "round" : "3", "full" : "3,00", "nice" : "3,-" }, "cents" : 300 }, "description" : "", "name" : "Jim Bean Black shot", "type" : { "id" : "beer" } },
{ "__v" : 0, "_id" : { "$oid" : "581ce9042ea1ac693a61ecc1" }, "amount" : { "positive" : true, "currency" : "EUR", "format" : { "round" : "20", "full" : "20,00", "nice" : "20,-" }, "cents" : 2000 }, "description" : "", "name" : "Bucket Sangria", "type" : { "id" : "beer" } },
{ "__v" : 0, "_id" : { "$oid" : "581ce9182ea1ac693a61ecc6" }, "amount" : { "positive" : true, "currency" : "EUR", "format" : { "round" : "20", "full" : "20,00", "nice" : "20,-" }, "cents" : 2000 }, "description" : "", "name" : "Bucket Cuba Libre", "type" : { "id" : "beer" } },
{ "__v" : 0, "_id" : { "$oid" : "581ce9302ea1ac693a61eccb" }, "amount" : { "positive" : true, "currency" : "EUR", "format" : { "round" : "3", "full" : "2,70", "nice" : "2,70" }, "cents" : 270 }, "description" : "", "name" : "Soft drinks &water", "type" : { "id" : "beer" } },
{ "__v" : 0, "_id" : { "$oid" : "581ce9572ea1ac693a61ecd0" }, "amount" : { "positive" : true, "currency" : "EUR", "format" : { "round" : "3", "full" : "2,50", "nice" : "2,50" }, "cents" : 250 }, "description" : "", "name" : "Heineken Twistoffs", "type" : { "id" : "beer" } },
{ "__v" : 0, "_id" : { "$oid" : "581ce9802ea1ac693a61ece3" }, "amount" : { "positive" : true, "currency" : "EUR", "format" : { "round" : "19", "full" : "18,50", "nice" : "18,50" }, "cents" : 1850 }, "description" : "", "name" : "Bottle House White", "type" : { "id" : "beer" } },
{ "__v" : 0, "_id" : { "$oid" : "581ce9982ea1ac693a61ecec" }, "amount" : { "positive" : true, "currency" : "EUR", "format" : { "round" : "19", "full" : "18,50", "nice" : "18,50" }, "cents" : 1850 }, "description" : "", "name" : "Bottle House Red", "type" : { "id" : "beer" } },
{ "__v" : 0, "_id" : { "$oid" : "581ce9b12ea1ac693a61ecf1" }, "amount" : { "positive" : true, "currency" : "EUR", "format" : { "round" : "4", "full" : "3,70", "nice" : "3,70" }, "cents" : 370 }, "description" : "", "name" : "Glass White", "type" : { "id" : "beer" } },
{ "__v" : 0, "_id" : { "$oid" : "581ce9ec2ea1ac693a61ed02" }, "amount" : { "positive" : true, "currency" : "EUR", "format" : { "round" : "4", "full" : "3,70", "nice" : "3,70" }, "cents" : 370 }, "description" : "", "name" : "Glass Red ", "type" : { "id" : "beer" } },
{ "__v" : 0, "_id" : { "$oid" : "581d20ad7c83d75b4c95e432" }, "amount" : { "positive" : true, "currency" : "EUR", "format" : { "round" : "2", "full" : "2,00", "nice" : "2,-" }, "cents" : 200 }, "description" : "", "name" : "Jagermeister", "type" : { "id" : "beer" } },
{ "name" : "CK - streep €1", "_id" : { "$oid" : "583418ac2ed3591019e9dc8b" }, "amount" : { "positive" : true, "currency" : "EUR", "format" : { "round" : "1", "full" : "1,00", "nice" : "1,-" }, "cents" : 100 }, "type" : { "id" : "other" }, "description" : "2 streepjes op de papieren streeplijst", "__v" : 0 },
{ "name" : "CK - streep €10", "_id" : { "$oid" : "583418cf2ed3591019e9dc93" }, "amount" : { "positive" : true, "currency" : "EUR", "format" : { "round" : "10", "full" : "10,00", "nice" : "10,-" }, "cents" : 1000 }, "type" : { "id" : "other" }, "description" : "20 streepjes op de papieren streeplijst", "__v" : 0 },
{ "__v" : 0, "_id" : { "$oid" : "58080609781dca0e51ec0a19" }, "amount" : { "positive" : true, "currency" : "EUR", "format" : { "round" : "1", "full" : "0,50", "nice" : "0,50" }, "cents" : 50 }, "description" : "Een streepje van de oude streeplijst.", "image" : { "profile" : { "$oid" : "583da1794f63b521ea53fa2a" } }, "name" : "CK - Streep", "type" : { "id" : "other" } }]
